{"cameraMode":{"drawMode":0,"name":"Shaded","section":"Shading Mode"},"sceneLighting":true,"audioPlay":false,"sceneViewState":{"m_AlwaysRefresh":false,"showFog":true,"showSkybox":true,"showFlares":true,"showImageEffects":true,"showParticleSystems":true,"showVisualEffectGraphs":true,"m_FxEnabled":true},"in2DMode":false,"pivot":{"x":0.4061757028102875,"y":1.1284189224243165,"z":0.012101072818040848},"rotation":{"x":0.0031310224439948799,"y":0.7182514071464539,"z":-0.6957693099975586,"w":0.0032321757171303035},"size":0.3955290913581848,"orthographic":true}