{"cameraMode":{"drawMode":0,"name":"Shaded","section":"Shading Mode"},"sceneLighting":true,"audioPlay":false,"sceneViewState":{"m_AlwaysRefresh":false,"showFog":true,"showSkybox":true,"showFlares":true,"showImageEffects":true,"showParticleSystems":true,"showVisualEffectGraphs":true,"m_FxEnabled":true},"in2DMode":false,"pivot":{"x":0.4133776128292084,"y":1.0669392347335816,"z":-0.08504807949066162},"rotation":{"x":0.0012501857709139586,"y":0.7176446318626404,"z":-0.6964309811592102,"w":0.0012900677975267172},"size":0.4142191708087921,"orthographic":false}