{"cameraMode":{"drawMode":0,"name":"Shaded","section":"Shading Mode"},"sceneLighting":true,"audioPlay":false,"sceneViewState":{"m_AlwaysRefresh":false,"showFog":true,"showSkybox":true,"showFlares":true,"showImageEffects":true,"showParticleSystems":true,"showVisualEffectGraphs":true,"m_FxEnabled":true},"in2DMode":false,"pivot":{"x":0.41282588243484499,"y":1.6255512237548829,"z":0.0315970703959465},"rotation":{"x":-0.003094450104981661,"y":-0.6767887473106384,"z":0.7361675500869751,"w":-0.0028457220178097488},"size":0.5567806363105774,"orthographic":true}