{"cameraMode":{"drawMode":0,"name":"Shaded","section":"Shading Mode"},"sceneLighting":true,"audioPlay":false,"sceneViewState":{"m_AlwaysRefresh":false,"showFog":true,"showSkybox":true,"showFlares":true,"showImageEffects":true,"showParticleSystems":true,"showVisualEffectGraphs":true,"m_FxEnabled":true},"in2DMode":false,"pivot":{"x":-0.38913458585739138,"y":1.0600963830947877,"z":-0.15844225883483888},"rotation":{"x":0.07592753320932388,"y":0.8189802765846252,"z":-0.5577706098556519,"w":0.11148668825626373},"size":0.4094255864620209,"orthographic":false}