{"cameraMode":{"drawMode":0,"name":"Shaded","section":"Shading Mode"},"sceneLighting":true,"audioPlay":false,"sceneViewState":{"m_AlwaysRefresh":false,"showFog":true,"showSkybox":true,"showFlares":true,"showImageEffects":true,"showParticleSystems":true,"showVisualEffectGraphs":true,"m_FxEnabled":true},"in2DMode":false,"pivot":{"x":-0.4020000100135803,"y":1.777449369430542,"z":-0.015000004321336747},"rotation":{"x":-0.014030128717422486,"y":0.7352007627487183,"z":-0.6775342226028442,"w":-0.015223391354084015},"size":0.9616110920906067,"orthographic":true}