{"cameraMode":{"drawMode":0,"name":"Shaded","section":"Shading Mode"},"sceneLighting":true,"audioPlay":false,"sceneViewState":{"m_AlwaysRefresh":false,"showFog":true,"showSkybox":true,"showFlares":true,"showImageEffects":true,"showParticleSystems":true,"showVisualEffectGraphs":true,"m_FxEnabled":true},"in2DMode":false,"pivot":{"x":-0.12161457538604737,"y":1.331971287727356,"z":-0.020927011966705323},"rotation":{"x":5.6056550512550988e-9,"y":0.7316890954971314,"z":-0.6816390156745911,"w":-1.7127003149042253e-9},"size":0.5570777654647827,"orthographic":true}