{"cameraMode":{"drawMode":0,"name":"Shaded","section":"Shading Mode"},"sceneLighting":true,"audioPlay":false,"sceneViewState":{"m_AlwaysRefresh":false,"showFog":true,"showSkybox":true,"showFlares":true,"showImageEffects":true,"showParticleSystems":true,"showVisualEffectGraphs":true,"m_FxEnabled":true},"in2DMode":false,"pivot":{"x":0.32411497831344607,"y":0.9945025444030762,"z":0.15118274092674256},"rotation":{"x":0.01203522365540266,"y":0.6839537620544434,"z":-0.7293388247489929,"w":0.011286284774541855},"size":0.3912159204483032,"orthographic":true}