{"cameraMode":{"drawMode":0,"name":"Shaded","section":"Shading Mode"},"sceneLighting":true,"audioPlay":false,"sceneViewState":{"m_AlwaysRefresh":false,"showFog":true,"showSkybox":true,"showFlares":true,"showImageEffects":true,"showParticleSystems":true,"showVisualEffectGraphs":true,"m_FxEnabled":true},"in2DMode":false,"pivot":{"x":-0.11642009019851685,"y":1.772381067276001,"z":-0.037340112030506137},"rotation":{"x":-0.006656822748482227,"y":-0.6441189050674439,"z":0.7648829817771912,"w":-0.005608847364783287},"size":0.4349009394645691,"orthographic":true}