{"cameraMode":{"drawMode":0,"name":"Shaded","section":"Shading Mode"},"sceneLighting":true,"audioPlay":false,"sceneViewState":{"m_AlwaysRefresh":false,"showFog":true,"showSkybox":true,"showFlares":true,"showImageEffects":true,"showParticleSystems":true,"showVisualEffectGraphs":true,"m_FxEnabled":true},"in2DMode":false,"pivot":{"x":-0.06288163363933563,"y":1.974466323852539,"z":0.20778882503509522},"rotation":{"x":-0.0004730546206701547,"y":0.7407585978507996,"z":-0.6717777848243713,"w":-0.0005214040284045041},"size":0.5760670304298401,"orthographic":true}