{"cameraMode":{"drawMode":0,"name":"Shaded","section":"Shading Mode"},"sceneLighting":true,"audioPlay":false,"sceneViewState":{"m_AlwaysRefresh":false,"showFog":true,"showSkybox":true,"showFlares":true,"showImageEffects":true,"showParticleSystems":true,"showVisualEffectGraphs":true,"m_FxEnabled":true},"in2DMode":false,"pivot":{"x":0.03612389415502548,"y":1.7004228830337525,"z":-0.09821351617574692},"rotation":{"x":0.014552316628396511,"y":0.677764892578125,"z":-0.7350130081176758,"w":0.013418984599411488},"size":0.4504031240940094,"orthographic":true}