{"cameraMode":{"drawMode":0,"name":"Shaded","section":"Shading Mode"},"sceneLighting":true,"audioPlay":false,"sceneViewState":{"m_AlwaysRefresh":false,"showFog":true,"showSkybox":true,"showFlares":true,"showImageEffects":true,"showParticleSystems":true,"showVisualEffectGraphs":true,"m_FxEnabled":true},"in2DMode":false,"pivot":{"x":0.32731547951698305,"y":1.7009724378585816,"z":0.003139697015285492},"rotation":{"x":0.014552316628396511,"y":0.677764892578125,"z":-0.7350130081176758,"w":0.013418984599411488},"size":0.44978779554367068,"orthographic":true}