{"cameraMode":{"drawMode":0,"name":"Shaded","section":"Shading Mode"},"sceneLighting":true,"audioPlay":false,"sceneViewState":{"m_AlwaysRefresh":false,"showFog":true,"showSkybox":true,"showFlares":true,"showImageEffects":true,"showParticleSystems":true,"showVisualEffectGraphs":true,"m_FxEnabled":true},"in2DMode":false,"pivot":{"x":0.20700642466545106,"y":1.7746155261993409,"z":0.040225446224212649},"rotation":{"x":-0.014030128717422486,"y":0.7352007627487183,"z":-0.6775342226028442,"w":-0.015223391354084015},"size":1.1403594017028809,"orthographic":true}