{"cameraMode":{"drawMode":0,"name":"Shaded","section":"Shading Mode"},"sceneLighting":true,"audioPlay":false,"sceneViewState":{"m_AlwaysRefresh":false,"showFog":true,"showSkybox":true,"showFlares":true,"showImageEffects":true,"showParticleSystems":true,"showVisualEffectGraphs":true,"m_FxEnabled":true},"in2DMode":false,"pivot":{"x":0.37729349732398989,"y":1.399075984954834,"z":-0.02639484405517578},"rotation":{"x":-0.0011073225177824498,"y":-0.6745821237564087,"z":0.738200306892395,"w":-0.0010118067730218173},"size":0.5729356408119202,"orthographic":true}