{"cameraMode":{"drawMode":0,"name":"Shaded","section":"Shading Mode"},"sceneLighting":true,"audioPlay":false,"sceneViewState":{"m_AlwaysRefresh":false,"showFog":true,"showSkybox":true,"showFlares":true,"showImageEffects":true,"showParticleSystems":true,"showVisualEffectGraphs":true,"m_FxEnabled":true},"in2DMode":false,"pivot":{"x":0.4250878095626831,"y":1.1576827764511109,"z":-0.18986012041568757},"rotation":{"x":0.07592753320932388,"y":0.8189802765846252,"z":-0.5577706098556519,"w":0.11148668825626373},"size":0.3825957477092743,"orthographic":false}