{"cameraMode":{"drawMode":0,"name":"Shaded","section":"Shading Mode"},"sceneLighting":true,"audioPlay":false,"sceneViewState":{"m_AlwaysRefresh":false,"showFog":true,"showSkybox":true,"showFlares":true,"showImageEffects":true,"showParticleSystems":true,"showVisualEffectGraphs":true,"m_FxEnabled":true},"in2DMode":false,"pivot":{"x":0.32924896478652956,"y":1.0547162294387818,"z":0.05496608838438988},"rotation":{"x":0.07592753320932388,"y":0.8189802765846252,"z":-0.5577706098556519,"w":0.11148668825626373},"size":0.2695542573928833,"orthographic":false}