{"cameraMode":{"drawMode":0,"name":"Shaded","section":"Shading Mode"},"sceneLighting":true,"audioPlay":false,"sceneViewState":{"m_AlwaysRefresh":false,"showFog":true,"showSkybox":true,"showFlares":true,"showImageEffects":true,"showParticleSystems":true,"showVisualEffectGraphs":true,"m_FxEnabled":true},"in2DMode":false,"pivot":{"x":0.3218890130519867,"y":1.0102341175079346,"z":-0.15566444396972657},"rotation":{"x":-0.001351485843770206,"y":0.8686259984970093,"z":-0.49549534916877749,"w":-0.002341313287615776},"size":0.5807480812072754,"orthographic":false}