{"cameraMode":{"drawMode":0,"name":"Shaded","section":"Shading Mode"},"sceneLighting":true,"audioPlay":false,"sceneViewState":{"m_AlwaysRefresh":false,"showFog":true,"showSkybox":true,"showFlares":true,"showImageEffects":true,"showParticleSystems":true,"showVisualEffectGraphs":true,"m_FxEnabled":true},"in2DMode":false,"pivot":{"x":-1.0411350727081299,"y":2.094449043273926,"z":-0.23885107040405274},"rotation":{"x":-0.025451011955738069,"y":0.9741833806037903,"z":-0.17213885486125947,"w":-0.14394748210906983},"size":1.779529333114624,"orthographic":false}